Model,Accuracy,Precision,Recall,F1-Score,Balanced Acc,MCC
NaiveBayes,0.8923076923076924,0.8985567169903902,0.8923076923076924,0.8936231365533691,0.9261375956385716,0.7855501053638151
LogisticRegression,0.9907692307692308,0.990798258345428,0.9907692307692308,0.9907132522118648,0.9673744695350496,0.9806654518731966
SVMLinear,0.9907692307692308,0.990798258345428,0.9907692307692308,0.9907132522118648,0.9673744695350496,0.9806654518731966
SVMPolynomial,0.9876923076923076,0.9878551704705552,0.9876923076923076,0.9876742012305392,0.9657946907040856,0.9743534459015332
SVMRadialBasis,0.9784615384615384,0.9788888888888888,0.9784615384615384,0.9765633503683546,0.8562633584239383,0.9547809199460588
NearestNeighbor,0.9476923076923076,0.9484835164835164,0.9476923076923076,0.9473674151935022,0.8844205928817024,0.8903015137484608
RandomForest,0.9384615384615383,0.9405961178238408,0.9384615384615383,0.928131745613628,0.6962952637611126,0.8687565780806583
MLP_Baseline,0.9969230769230768,0.9969375907111756,0.9969230769230768,0.9969191353197224,0.9967320261437908,0.9935796527052766
