Model,Accuracy,Precision,Recall,F1-Score,Balanced Acc,MCC
NaiveBayes,0.8953846153846153,0.8996312307911908,0.8953846153846153,0.8967721925065425,0.8491233776290926,0.7875338897973013
LogisticRegression,0.9753846153846154,0.9755329690552363,0.9753846153846154,0.9754156264447527,0.9577873803549856,0.9488758707615144
SVMLinear,0.9753846153846154,0.9755329690552363,0.9753846153846154,0.9754156264447527,0.9577873803549856,0.9488758707615144
SVMPolynomial,0.7292307692307692,0.7453104489367288,0.7292307692307692,0.6717168735079183,0.4233652386705076,0.3877228753477832
SVMRadialBasis,0.9476923076923077,0.9494930826486998,0.9476923076923077,0.9339949793795947,0.679901186382926,0.8891215833151757
NearestNeighbor,0.9230769230769231,0.9250411070411071,0.9230769230769231,0.9177610510183569,0.7374159774494315,0.8362914637188974
RandomForest,0.9046153846153846,0.8722979346235159,0.9046153846153846,0.8880099756740734,0.6214571136511476,0.7968154707121288
MLP_Baseline,0.9753846153846154,0.9755329690552363,0.9753846153846154,0.9754156264447527,0.9577873803549856,0.9488758707615144
