Model,Accuracy,Precision,Recall,F1-Score,Balanced Acc,MCC
NaiveBayes,0.7384615384615385,0.7342582417582418,0.7384615384615385,0.7320518853695325,0.35989617131732643,0.45231520421386856
LogisticRegression,0.9784615384615385,0.9787572649572649,0.9784615384615385,0.9785251802620146,0.9885031364914558,0.9563814254333712
SVMLinear,0.9753846153846154,0.9755548287129271,0.9753846153846154,0.975429177718833,0.9872593553969284,0.9501795969439414
SVMPolynomial,0.6307692307692307,0.6215285996055228,0.6307692307692307,0.5194744988860197,0.2914922669262384,0.12283723317506463
SVMRadialBasis,0.9507692307692308,0.9487802334085922,0.9507692307692308,0.9441224029781082,0.5475854423534501,0.8984767180302798
NearestNeighbor,0.8646153846153846,0.865743125652628,0.8646153846153846,0.8573364895309552,0.49322680077871517,0.7163934910528973
RandomForest,0.8953846153846153,0.872932474765054,0.8953846153846153,0.8820856409923474,0.4521630975556998,0.7817024131290549
MLP_Baseline,0.9815384615384616,0.9815384615384616,0.9815384615384616,0.9815384615384616,0.9897469175859831,0.9624523433588785
