Model,Accuracy,Precision,Recall,F1-Score,Balanced Acc,MCC
NaiveBayes,0.5046153846153846,0.6039472711196848,0.5046153846153846,0.5260992222196236,0.28925290395878633,0.3186074629988411
LogisticRegression,0.8276923076923077,0.8178595281038719,0.8276923076923077,0.8209313339253294,0.39986973810503224,0.7338107308665877
SVMLinear,0.8307692307692308,0.8248129241522503,0.8307692307692308,0.8260892623158613,0.474511762747057,0.7431605133921152
SVMPolynomial,0.5169230769230769,0.5317718832891247,0.5169230769230769,0.41605331009995805,0.1065199506375977,0.15984942697489127
SVMRadialBasis,0.7353846153846154,0.6545990207610326,0.7353846153846154,0.674814736949187,0.18417660770601946,0.5708410968934345
NearestNeighbor,0.5876923076923077,0.5470848113751586,0.5876923076923077,0.5624839582528024,0.17796713090830737,0.3426088704654573
RandomForest,0.6553846153846153,0.5198406842501331,0.6553846153846153,0.5797842214036426,0.1469559851912793,0.42870486833865173
MLP_Baseline,0.8430769230769231,0.8251588702559576,0.8430769230769231,0.8304669459659202,0.43620105384811264,0.7578372347762152
