Model,Accuracy,Precision,Recall,F1-Score,Balanced Acc,MCC
NaiveBayes,0.2953846153846154,0.5612626394534997,0.2953846153846154,0.36254818013598805,0.22296527002409353,0.16692054398994313
LogisticRegression,0.88,0.8701511252461873,0.88,0.871612446986711,0.49238016885075714,0.8157871294557908
SVMLinear,0.8338461538461538,0.8276542880045185,0.8338461538461538,0.8290285106076116,0.4408307378895614,0.7499957664908011
SVMPolynomial,0.48923076923076925,0.42511166253101734,0.48923076923076925,0.3985534970129433,0.10127519539284245,0.09264297938915668
SVMRadialBasis,0.7538461538461538,0.6011805831113126,0.7538461538461538,0.6681602034329308,0.1726998491704374,0.6048692960971609
NearestNeighbor,0.6276923076923077,0.5871048710222193,0.6276923076923077,0.5947131413640656,0.1982556659027247,0.39485592767238015
RandomForest,0.6923076923076923,0.5490949251753272,0.6923076923076923,0.6124044021212294,0.15610859728506787,0.4943699535975249
MLP_Baseline,0.8830769230769231,0.8762447600492784,0.8830769230769231,0.8748635369187825,0.5451117509941039,0.8197902057411921
