Model,Accuracy,Precision,Recall,F1-Score,Balanced Acc,MCC
NaiveBayes,0.46578947368421053,0.5936390754144254,0.46578947368421053,0.4869162412840377,0.4549415198252858,0.4462105383068482
LogisticRegression,0.8192982456140351,0.8121282032106131,0.8192982456140351,0.809384547970284,0.5769347887147724,0.8065277902962075
SVMLinear,0.8293859649122807,0.8197270105357427,0.8293859649122807,0.8195217752700269,0.6130242193310328,0.8174437884358429
SVMPolynomial,0.5916666666666667,0.6374560521404299,0.5916666666666667,0.5440454828662267,0.26933609893518884,0.5607841218716924
SVMRadialBasis,0.8070175438596491,0.7660891727802706,0.8070175438596491,0.7726680345837179,0.4110338454892731,0.7927534027024711
NearestNeighbor,0.6649122807017543,0.6322139761672159,0.6649122807017543,0.633606166263462,0.3438812869044363,0.6390289939992992
RandomForest,0.6078947368421053,0.588033816724538,0.6078947368421053,0.5436545519111067,0.2026312910606826,0.5756716656997143
MLP_Baseline,0.8412280701754385,0.8292506401443266,0.8412280701754385,0.8301247961915149,0.597245527121429,0.829984307315015
