Model,Accuracy,Precision,Recall,F1-Score,Balanced Acc,MCC
NaiveBayes,0.8584615384615385,0.8632989966555183,0.8584615384615385,0.8593509182913469,0.7727054486881642,0.7122630848745365
LogisticRegression,0.9661538461538461,0.9674314694120415,0.9661538461538461,0.9662775696295939,0.9040284360189573,0.9313171530090051
SVMLinear,0.9692307692307692,0.9688074457142051,0.9692307692307692,0.9687565947285718,0.9005436297741846,0.9354168667726341
SVMPolynomial,0.6492307692307693,0.42150059171597637,0.6492307692307693,0.5111481056257176,0.3333333333333333,0.0
SVMRadialBasis,0.9446153846153846,0.9097302697302698,0.9446153846153846,0.9268363997547896,0.6521234086051483,0.8823904078149579
NearestNeighbor,0.8892307692307693,0.8922262203815602,0.8892307692307693,0.8794702987013552,0.6558250472384847,0.7616807173914002
RandomForest,0.8923076923076924,0.8592081549664935,0.8923076923076924,0.8748445381102915,0.6050088281758201,0.7665857171736491
MLP_Baseline,0.9692307692307692,0.9756910397295013,0.9692307692307692,0.9720849106965117,0.9284298237462442,0.9364178689192283
