Model,Accuracy,Precision,Recall,F1-Score,Balanced Acc,MCC
NaiveBayes,0.8369230769230769,0.8563286178628595,0.8369230769230769,0.8403933053290779,0.5564827329533212,0.7645235281421309
LogisticRegression,0.916923076923077,0.9094483906079217,0.916923076923077,0.9121303360057386,0.588019823313941,0.8735713498575964
SVMLinear,0.9261538461538461,0.9192496856512689,0.9261538461538461,0.9222624856722885,0.6469608822549999,0.8877466273975717
SVMPolynomial,0.5723076923076923,0.6027161234669767,0.5723076923076923,0.4796674178428505,0.20616540322422675,0.32623136885332726
SVMRadialBasis,0.8646153846153846,0.8128592954281028,0.8646153846153846,0.8277909146858848,0.346003996003996,0.7892442482552215
NearestNeighbor,0.8523076923076923,0.8526706967197764,0.8523076923076923,0.8400726764489883,0.44978257037080566,0.7724970759804645
RandomForest,0.7876923076923077,0.7171680972700464,0.7876923076923077,0.722407977744486,0.19686000274235568,0.6631068371963847
MLP_Baseline,0.9323076923076923,0.9280277069847092,0.9323076923076923,0.9281442274548221,0.6358141858141858,0.897125064985655
