Model,Accuracy,Precision,Recall,F1-Score,Balanced Acc,MCC
NaiveBayes,0.9815384615384616,0.9736498117267348,0.9815384615384616,0.9772524982225047,0.7255244755244755,0.972169395978417
LogisticRegression,0.9938461538461538,0.9913905325443787,0.9938461538461538,0.9924668480501279,0.9085081585081586,0.9907237934909319
SVMLinear,0.9907692307692307,0.9911837191934278,0.9907692307692307,0.9908074631084524,0.900932400932401,0.986067442076073
SVMPolynomial,0.7384615384615385,0.7835071257856068,0.7384615384615385,0.7107241911429626,0.30958061546296844,0.6061910434379999
SVMRadialBasis,0.9723076923076923,0.9640428248608329,0.9723076923076923,0.9656447191547632,0.6221445221445222,0.9578823381126268
NearestNeighbor,0.9661538461538461,0.9583771913705024,0.9661538461538461,0.9591563310190367,0.5937229437229438,0.9484057643693885
RandomForest,0.9538461538461539,0.9470401239316991,0.9538461538461539,0.9451006473808838,0.5444388944388944,0.9295968645515597
MLP_Baseline,0.9969230769230769,0.9942307692307693,0.9969230769230769,0.9954871794871794,0.9090909090909091,0.9953514447822418
