Model,Accuracy,Precision,Recall,F1-Score,Balanced Acc,MCC
NaiveBayes,0.5507692307692308,0.77947965721574,0.5507692307692308,0.6118732491583785,0.36182836771072063,0.45052825937289115
LogisticRegression,0.8923076923076924,0.8866500823979165,0.8923076923076924,0.8858152446974275,0.5156079214902745,0.8344732676965905
SVMLinear,0.8923076923076924,0.8895272668184421,0.8923076923076924,0.888817747769472,0.5216362069303245,0.8349497955644862
SVMPolynomial,0.5261538461538462,0.5367196300966792,0.5261538461538462,0.40951465598754105,0.12218565747977514,0.21015274769449158
SVMRadialBasis,0.8246153846153846,0.7679372368924607,0.8246153846153846,0.7798046398046398,0.2509892068715598,0.726559535782543
NearestNeighbor,0.7046153846153846,0.6616384469420523,0.7046153846153846,0.6785264566742301,0.2646745411451294,0.5335262992403778
RandomForest,0.7538461538461538,0.7024131253362021,0.7538461538461538,0.6748629033539509,0.17391334156040036,0.6095154986562599
MLP_Baseline,0.9107692307692308,0.9059522984714216,0.9107692307692308,0.9064106799717514,0.5592064797947152,0.8637361771553805
