Model,Accuracy,Precision,Recall,F1-Score,Balanced Acc,MCC
NaiveBayes,0.36271929824561405,0.5399926068893116,0.36271929824561405,0.38748905766772374,0.4535471875753883,0.3266487517094871
LogisticRegression,0.7763157894736842,0.7748248729579571,0.7763157894736842,0.7737151647850135,0.5638323253219399,0.747335125869169
SVMLinear,0.7921052631578948,0.7901493455852273,0.7921052631578948,0.7893695594741625,0.6649073151647978,0.7656143441508867
SVMPolynomial,0.4934210526315789,0.6522424802192109,0.4934210526315789,0.4720662815921767,0.287603852845622,0.44371860939598967
SVMRadialBasis,0.7671052631578947,0.766497483436386,0.7671052631578947,0.747032429176121,0.3916099837122366,0.7350443532284335
NearestNeighbor,0.5964912280701754,0.5873706022342107,0.5964912280701754,0.5791742008616612,0.3579626997434609,0.5411343853391739
RandomForest,0.5745614035087719,0.6071393688400522,0.5745614035087719,0.5174257689063433,0.22220591036437623,0.5091955411066597
MLP_Baseline,0.8328947368421052,0.8294248730186504,0.8328947368421052,0.8287940456806298,0.6652042718025313,0.810901785884372
