Model,Accuracy,Precision,Recall,F1-Score,Balanced Acc,MCC
NaiveBayes,0.4118421052631579,0.5843877950475251,0.4118421052631579,0.4447371393425097,0.36803127854381246,0.3784213801810979
LogisticRegression,0.8820175438596491,0.878224313806791,0.8820175438596491,0.8782145309054896,0.730018490987675,0.8667667222739854
SVMLinear,0.8951754385964912,0.894919497346226,0.8951754385964912,0.8924822022420454,0.7488436339487234,0.8815508371804228
SVMPolynomial,0.5096491228070176,0.7108424740865285,0.5096491228070176,0.49108226783774334,0.2911564006187301,0.478953438356003
SVMRadialBasis,0.8565789473684211,0.8543358866393687,0.8565789473684211,0.8448116472487911,0.5002541820465879,0.8376454164524365
NearestNeighbor,0.7530701754385964,0.7644859031972995,0.7530701754385964,0.7422789019845828,0.4708091641062073,0.721446578345386
RandomForest,0.7333333333333333,0.7421976173799719,0.7333333333333333,0.7006904252849722,0.3784729363480899,0.6967909664315787
MLP_Baseline,0.8956140350877193,0.8927468989721217,0.8956140350877193,0.8920090897239373,0.6808939210298617,0.8821925212619725
