Model,Accuracy,Precision,Recall,F1-Score,Balanced Acc,MCC
NaiveBayes,0.6364035087719299,0.7002248930818449,0.6364035087719299,0.6485171770529914,0.5575858402403837,0.618988875405931
LogisticRegression,0.9118421052631579,0.8887928684651984,0.9118421052631579,0.8954391854826967,0.614207453685603,0.9056665201308757
SVMLinear,0.9298245614035088,0.9159251134642721,0.9298245614035088,0.9191253042907243,0.7119312432060851,0.9249742449617939
SVMPolynomial,0.8837719298245614,0.8498664293018091,0.8837719298245614,0.8593718367876071,0.5269001735274537,0.8755450392102402
SVMRadialBasis,0.8710526315789474,0.8299370513142629,0.8710526315789474,0.8408703580512061,0.4876687188924265,0.8618911073842468
NearestNeighbor,0.7714912280701754,0.7498436385622789,0.7714912280701754,0.7481224626521805,0.460307164255155,0.7547223733612293
RandomForest,0.7364035087719298,0.6929709294457824,0.7364035087719298,0.6899235221124426,0.30745638911267753,0.7168485723727951
MLP_Baseline,0.9320175438596491,0.924349776247522,0.9320175438596491,0.9249259513220387,0.7445607715982367,0.927319098103206
