Model,Accuracy,Precision,Recall,F1-Score,Balanced Acc,MCC
NaiveBayes,0.3415384615384615,0.5168347595609258,0.3415384615384615,0.3793946059449876,0.13693953105717813,0.17499552743078903
LogisticRegression,0.9107692307692308,0.8976138330772666,0.9107692307692308,0.8985146535550236,0.530085600673836,0.862974906030493
SVMLinear,0.9076923076923077,0.9002284557547715,0.9076923076923077,0.8942171682582946,0.5425564631446984,0.8579516727438006
SVMPolynomial,0.5230769230769231,0.6286353646353646,0.5230769230769231,0.3982432554183218,0.16090184325478443,0.22332663431061414
SVMRadialBasis,0.8492307692307692,0.7856244624940277,0.8492307692307692,0.8083590413381685,0.3202875555816732,0.7638536025716591
NearestNeighbor,0.7815384615384615,0.7695786097960011,0.7815384615384615,0.7541691984166209,0.3251336898395722,0.6559507854861701
RandomForest,0.7907692307692308,0.7400052989490419,0.7907692307692308,0.7222492897915943,0.2372695931519461,0.6694953925499438
MLP_Baseline,0.9230769230769231,0.916210892043668,0.9230769230769231,0.9139740756166516,0.5464114317055494,0.8824478358521849
