Model,Accuracy,Precision,Recall,F1-Score,Balanced Acc,MCC
NaiveBayes,0.6369230769230769,0.7374517774334844,0.6369230769230769,0.674408497587617,0.35172768408062527,0.5053302504220947
LogisticRegression,0.8861538461538462,0.8576734586168548,0.8861538461538462,0.862427362992062,0.4074503927445105,0.8233461356593803
SVMLinear,0.9076923076923077,0.8940930749579743,0.9076923076923077,0.8985813065918559,0.5779710485592838,0.8584569671131012
SVMPolynomial,0.8461538461538461,0.8352431915910178,0.8461538461538461,0.8106906001429712,0.3164237723061253,0.7599912720959365
SVMRadialBasis,0.8153846153846154,0.7284353965542084,0.8153846153846154,0.7545550743221684,0.21006444535856297,0.7106449827533025
NearestNeighbor,0.7661538461538462,0.7356615384615385,0.7661538461538462,0.7387708563854085,0.28407768701886343,0.6292360120312994
RandomForest,0.7661538461538462,0.6565614043921875,0.7661538461538462,0.683717511914145,0.17747840394899217,0.625817524211843
MLP_Baseline,0.9015384615384615,0.8956241613387008,0.9015384615384615,0.8941981341501404,0.51702415231827,0.8486718829443851
